username;password;password confirmation;email
user_000001;andes123;andes123;User_000001@gmail.com
user_000002;andes123;andes123;user_000002@gmail.com
user_000003;andes123;andes123;user_000003@gmail.com
user_000004;andes123;andes123;user_000004@gmail.com
user_000005;andes123;andes123;user_000005@gmail.com
user_000006;andes123;andes123;user_000006@gmail.com
user_000007;andes123;andes123;user_000007@gmail.com
user_000008;andes123;andes123;user_000008@gmail.com
user_000009;andes123;andes123;user_000009@gmail.com
user_000010;andes123;andes123;user_000010@gmail.com
user_000011;andes123;andes123;user_000011@gmail.com
user_000012;andes123;andes123;user_000012@gmail.com
user_000013;andes123;andes123;user_000013@gmail.com
user_000014;andes123;andes123;user_000014@gmail.com
user_000015;andes123;andes123;user_000015@gmail.com
user_000016;andes123;andes123;user_000016@gmail.com
user_000017;andes123;andes123;user_000017@gmail.com
user_000018;andes123;andes123;user_000018@gmail.com
user_000019;andes123;andes123;user_000019@gmail.com
user_000020;andes123;andes123;user_000020@gmail.com
user_000021;andes123;andes123;user_000021@gmail.com
user_000022;andes123;andes123;user_000022@gmail.com
user_000023;andes123;andes123;user_000023@gmail.com
user_000024;andes123;andes123;user_000024@gmail.com
user_000025;andes123;andes123;user_000025@gmail.com
user_000026;andes123;andes123;user_000026@gmail.com
user_000027;andes123;andes123;user_000027@gmail.com
user_000028;andes123;andes123;user_000028@gmail.com
user_000029;andes123;andes123;user_000029@gmail.com
user_000030;andes123;andes123;user_000030@gmail.com
user_000031;andes123;andes123;user_000031@gmail.com
user_000032;andes123;andes123;user_000032@gmail.com
user_000033;andes123;andes123;user_000033@gmail.com
user_000034;andes123;andes123;user_000034@gmail.com
user_000035;andes123;andes123;user_000035@gmail.com
user_000036;andes123;andes123;user_000036@gmail.com
user_000037;andes123;andes123;user_000037@gmail.com
user_000038;andes123;andes123;user_000038@gmail.com
user_000039;andes123;andes123;user_000039@gmail.com
user_000040;andes123;andes123;user_000040@gmail.com
user_000041;andes123;andes123;user_000041@gmail.com
user_000042;andes123;andes123;user_000042@gmail.com
user_000043;andes123;andes123;user_000043@gmail.com
user_000044;andes123;andes123;user_000044@gmail.com
user_000045;andes123;andes123;user_000045@gmail.com
user_000046;andes123;andes123;user_000046@gmail.com
user_000047;andes123;andes123;user_000047@gmail.com
user_000048;andes123;andes123;user_000048@gmail.com
user_000049;andes123;andes123;user_000049@gmail.com
user_000050;andes123;andes123;user_000050@gmail.com
user_000051;andes123;andes123;user_000051@gmail.com
user_000052;andes123;andes123;user_000052@gmail.com
user_000053;andes123;andes123;user_000053@gmail.com
user_000054;andes123;andes123;user_000054@gmail.com
user_000055;andes123;andes123;user_000055@gmail.com
user_000056;andes123;andes123;user_000056@gmail.com
user_000057;andes123;andes123;user_000057@gmail.com
user_000058;andes123;andes123;user_000058@gmail.com
user_000059;andes123;andes123;user_000059@gmail.com
user_000060;andes123;andes123;user_000060@gmail.com
user_000061;andes123;andes123;user_000061@gmail.com
user_000062;andes123;andes123;user_000062@gmail.com
user_000063;andes123;andes123;user_000063@gmail.com
user_000064;andes123;andes123;user_000064@gmail.com
user_000065;andes123;andes123;user_000065@gmail.com
user_000066;andes123;andes123;user_000066@gmail.com
user_000067;andes123;andes123;user_000067@gmail.com
user_000068;andes123;andes123;user_000068@gmail.com
user_000069;andes123;andes123;user_000069@gmail.com
user_000070;andes123;andes123;user_000070@gmail.com
user_000071;andes123;andes123;user_000071@gmail.com
user_000072;andes123;andes123;user_000072@gmail.com
user_000073;andes123;andes123;user_000073@gmail.com
user_000074;andes123;andes123;user_000074@gmail.com
user_000075;andes123;andes123;user_000075@gmail.com
user_000076;andes123;andes123;user_000076@gmail.com
user_000077;andes123;andes123;user_000077@gmail.com
user_000078;andes123;andes123;user_000078@gmail.com
user_000079;andes123;andes123;user_000079@gmail.com
user_000080;andes123;andes123;user_000080@gmail.com
user_000081;andes123;andes123;user_000081@gmail.com
user_000082;andes123;andes123;user_000082@gmail.com
user_000083;andes123;andes123;user_000083@gmail.com
user_000084;andes123;andes123;user_000084@gmail.com
user_000085;andes123;andes123;user_000085@gmail.com
user_000086;andes123;andes123;user_000086@gmail.com
user_000087;andes123;andes123;user_000087@gmail.com
user_000088;andes123;andes123;user_000088@gmail.com
user_000089;andes123;andes123;user_000089@gmail.com
user_000090;andes123;andes123;user_000090@gmail.com
user_000091;andes123;andes123;user_000091@gmail.com
user_000092;andes123;andes123;user_000092@gmail.com
user_000093;andes123;andes123;user_000093@gmail.com
user_000094;andes123;andes123;user_000094@gmail.com
user_000095;andes123;andes123;user_000095@gmail.com
user_000096;andes123;andes123;user_000096@gmail.com
user_000097;andes123;andes123;user_000097@gmail.com
user_000098;andes123;andes123;user_000098@gmail.com
user_000099;andes123;andes123;user_000099@gmail.com
user_000100;andes123;andes123;user_000100@gmail.com
user_000101;andes123;andes123;user_000101@gmail.com
user_000102;andes123;andes123;user_000102@gmail.com
user_000103;andes123;andes123;user_000103@gmail.com
user_000104;andes123;andes123;user_000104@gmail.com
user_000105;andes123;andes123;user_000105@gmail.com
user_000106;andes123;andes123;user_000106@gmail.com
user_000107;andes123;andes123;user_000107@gmail.com
user_000108;andes123;andes123;user_000108@gmail.com
user_000109;andes123;andes123;user_000109@gmail.com
user_000110;andes123;andes123;user_000110@gmail.com
user_000111;andes123;andes123;user_000111@gmail.com
user_000112;andes123;andes123;user_000112@gmail.com
user_000113;andes123;andes123;user_000113@gmail.com
user_000114;andes123;andes123;user_000114@gmail.com
user_000115;andes123;andes123;user_000115@gmail.com
user_000116;andes123;andes123;user_000116@gmail.com
user_000117;andes123;andes123;user_000117@gmail.com
user_000118;andes123;andes123;user_000118@gmail.com
user_000119;andes123;andes123;user_000119@gmail.com
user_000120;andes123;andes123;user_000120@gmail.com
user_000121;andes123;andes123;user_000121@gmail.com
user_000122;andes123;andes123;user_000122@gmail.com
user_000123;andes123;andes123;user_000123@gmail.com
user_000124;andes123;andes123;user_000124@gmail.com
user_000125;andes123;andes123;user_000125@gmail.com
user_000126;andes123;andes123;user_000126@gmail.com
user_000127;andes123;andes123;user_000127@gmail.com
user_000128;andes123;andes123;user_000128@gmail.com
user_000129;andes123;andes123;user_000129@gmail.com
user_000130;andes123;andes123;user_000130@gmail.com
user_000131;andes123;andes123;user_000131@gmail.com
user_000132;andes123;andes123;user_000132@gmail.com
user_000133;andes123;andes123;user_000133@gmail.com
user_000134;andes123;andes123;user_000134@gmail.com
user_000135;andes123;andes123;user_000135@gmail.com
user_000136;andes123;andes123;user_000136@gmail.com
user_000137;andes123;andes123;user_000137@gmail.com
user_000138;andes123;andes123;user_000138@gmail.com
user_000139;andes123;andes123;user_000139@gmail.com
user_000140;andes123;andes123;user_000140@gmail.com
user_000141;andes123;andes123;user_000141@gmail.com
user_000142;andes123;andes123;user_000142@gmail.com
user_000143;andes123;andes123;user_000143@gmail.com
user_000144;andes123;andes123;user_000144@gmail.com
user_000145;andes123;andes123;user_000145@gmail.com
user_000146;andes123;andes123;user_000146@gmail.com
user_000147;andes123;andes123;user_000147@gmail.com
user_000148;andes123;andes123;user_000148@gmail.com
user_000149;andes123;andes123;user_000149@gmail.com
user_000150;andes123;andes123;user_000150@gmail.com
user_000151;andes123;andes123;user_000151@gmail.com
user_000152;andes123;andes123;user_000152@gmail.com
user_000153;andes123;andes123;user_000153@gmail.com
user_000154;andes123;andes123;user_000154@gmail.com
user_000155;andes123;andes123;user_000155@gmail.com
user_000156;andes123;andes123;user_000156@gmail.com
user_000157;andes123;andes123;user_000157@gmail.com
user_000158;andes123;andes123;user_000158@gmail.com
user_000159;andes123;andes123;user_000159@gmail.com
user_000160;andes123;andes123;user_000160@gmail.com
user_000161;andes123;andes123;user_000161@gmail.com
user_000162;andes123;andes123;user_000162@gmail.com
user_000163;andes123;andes123;user_000163@gmail.com
user_000164;andes123;andes123;user_000164@gmail.com
user_000165;andes123;andes123;user_000165@gmail.com
user_000166;andes123;andes123;user_000166@gmail.com
user_000167;andes123;andes123;user_000167@gmail.com
user_000168;andes123;andes123;user_000168@gmail.com
user_000169;andes123;andes123;user_000169@gmail.com
user_000170;andes123;andes123;user_000170@gmail.com
user_000171;andes123;andes123;user_000171@gmail.com
user_000172;andes123;andes123;user_000172@gmail.com
user_000173;andes123;andes123;user_000173@gmail.com
user_000174;andes123;andes123;user_000174@gmail.com
user_000175;andes123;andes123;user_000175@gmail.com
user_000176;andes123;andes123;user_000176@gmail.com
user_000177;andes123;andes123;user_000177@gmail.com
user_000178;andes123;andes123;user_000178@gmail.com
user_000179;andes123;andes123;user_000179@gmail.com
user_000180;andes123;andes123;user_000180@gmail.com
user_000181;andes123;andes123;user_000181@gmail.com
user_000182;andes123;andes123;user_000182@gmail.com
user_000183;andes123;andes123;user_000183@gmail.com
user_000184;andes123;andes123;user_000184@gmail.com
user_000185;andes123;andes123;user_000185@gmail.com
user_000186;andes123;andes123;user_000186@gmail.com
user_000187;andes123;andes123;user_000187@gmail.com
user_000188;andes123;andes123;user_000188@gmail.com
user_000189;andes123;andes123;user_000189@gmail.com
user_000190;andes123;andes123;user_000190@gmail.com
user_000191;andes123;andes123;user_000191@gmail.com
user_000192;andes123;andes123;user_000192@gmail.com
user_000193;andes123;andes123;user_000193@gmail.com
user_000194;andes123;andes123;user_000194@gmail.com
user_000195;andes123;andes123;user_000195@gmail.com
user_000196;andes123;andes123;user_000196@gmail.com
user_000197;andes123;andes123;user_000197@gmail.com
user_000198;andes123;andes123;user_000198@gmail.com
user_000199;andes123;andes123;user_000199@gmail.com
user_000200;andes123;andes123;user_000200@gmail.com
user_000201;andes123;andes123;user_000201@gmail.com
user_000202;andes123;andes123;user_000202@gmail.com
user_000203;andes123;andes123;user_000203@gmail.com
user_000204;andes123;andes123;user_000204@gmail.com
user_000205;andes123;andes123;user_000205@gmail.com
user_000206;andes123;andes123;user_000206@gmail.com
user_000207;andes123;andes123;user_000207@gmail.com
user_000208;andes123;andes123;user_000208@gmail.com
user_000209;andes123;andes123;user_000209@gmail.com
user_000210;andes123;andes123;user_000210@gmail.com
user_000211;andes123;andes123;user_000211@gmail.com
user_000212;andes123;andes123;user_000212@gmail.com
user_000213;andes123;andes123;user_000213@gmail.com
user_000214;andes123;andes123;user_000214@gmail.com
user_000215;andes123;andes123;user_000215@gmail.com
user_000216;andes123;andes123;user_000216@gmail.com
user_000217;andes123;andes123;user_000217@gmail.com
user_000218;andes123;andes123;user_000218@gmail.com
user_000219;andes123;andes123;user_000219@gmail.com
user_000220;andes123;andes123;user_000220@gmail.com
user_000221;andes123;andes123;user_000221@gmail.com
user_000222;andes123;andes123;user_000222@gmail.com
user_000223;andes123;andes123;user_000223@gmail.com
user_000224;andes123;andes123;user_000224@gmail.com
user_000225;andes123;andes123;user_000225@gmail.com
user_000226;andes123;andes123;user_000226@gmail.com
user_000227;andes123;andes123;user_000227@gmail.com
user_000228;andes123;andes123;user_000228@gmail.com
user_000229;andes123;andes123;user_000229@gmail.com
user_000230;andes123;andes123;user_000230@gmail.com
user_000231;andes123;andes123;user_000231@gmail.com
user_000232;andes123;andes123;user_000232@gmail.com
user_000233;andes123;andes123;user_000233@gmail.com
user_000234;andes123;andes123;user_000234@gmail.com
user_000235;andes123;andes123;user_000235@gmail.com
user_000236;andes123;andes123;user_000236@gmail.com
user_000237;andes123;andes123;user_000237@gmail.com
user_000238;andes123;andes123;user_000238@gmail.com
user_000239;andes123;andes123;user_000239@gmail.com
user_000240;andes123;andes123;user_000240@gmail.com
user_000241;andes123;andes123;user_000241@gmail.com
user_000242;andes123;andes123;user_000242@gmail.com
user_000243;andes123;andes123;user_000243@gmail.com
user_000244;andes123;andes123;user_000244@gmail.com
user_000245;andes123;andes123;user_000245@gmail.com
user_000246;andes123;andes123;user_000246@gmail.com
user_000247;andes123;andes123;user_000247@gmail.com
user_000248;andes123;andes123;user_000248@gmail.com
user_000249;andes123;andes123;user_000249@gmail.com
user_000250;andes123;andes123;user_000250@gmail.com
user_000251;andes123;andes123;user_000251@gmail.com
user_000252;andes123;andes123;user_000252@gmail.com
user_000253;andes123;andes123;user_000253@gmail.com
user_000254;andes123;andes123;user_000254@gmail.com
user_000255;andes123;andes123;user_000255@gmail.com
user_000256;andes123;andes123;user_000256@gmail.com
user_000257;andes123;andes123;user_000257@gmail.com
user_000258;andes123;andes123;user_000258@gmail.com
user_000259;andes123;andes123;user_000259@gmail.com
user_000260;andes123;andes123;user_000260@gmail.com
user_000261;andes123;andes123;user_000261@gmail.com
user_000262;andes123;andes123;user_000262@gmail.com
user_000263;andes123;andes123;user_000263@gmail.com
user_000264;andes123;andes123;user_000264@gmail.com
user_000265;andes123;andes123;user_000265@gmail.com
user_000266;andes123;andes123;user_000266@gmail.com
user_000267;andes123;andes123;user_000267@gmail.com
user_000268;andes123;andes123;user_000268@gmail.com
user_000269;andes123;andes123;user_000269@gmail.com
user_000270;andes123;andes123;user_000270@gmail.com
user_000271;andes123;andes123;user_000271@gmail.com
user_000272;andes123;andes123;user_000272@gmail.com
user_000273;andes123;andes123;user_000273@gmail.com
user_000274;andes123;andes123;user_000274@gmail.com
user_000275;andes123;andes123;user_000275@gmail.com
user_000276;andes123;andes123;user_000276@gmail.com
user_000277;andes123;andes123;user_000277@gmail.com
user_000278;andes123;andes123;user_000278@gmail.com
user_000279;andes123;andes123;user_000279@gmail.com
user_000280;andes123;andes123;user_000280@gmail.com
user_000281;andes123;andes123;user_000281@gmail.com
user_000282;andes123;andes123;user_000282@gmail.com
user_000284;andes123;andes123;user_000284@gmail.com
user_000285;andes123;andes123;user_000285@gmail.com
user_000286;andes123;andes123;user_000286@gmail.com
user_000288;andes123;andes123;user_000288@gmail.com
user_000289;andes123;andes123;user_000289@gmail.com
user_000290;andes123;andes123;user_000290@gmail.com
user_000291;andes123;andes123;user_000291@gmail.com
user_000292;andes123;andes123;user_000292@gmail.com
user_000293;andes123;andes123;user_000293@gmail.com
user_000294;andes123;andes123;user_000294@gmail.com
user_000295;andes123;andes123;user_000295@gmail.com
user_000296;andes123;andes123;user_000296@gmail.com
user_000297;andes123;andes123;user_000297@gmail.com
user_000298;andes123;andes123;user_000298@gmail.com
user_000299;andes123;andes123;user_000299@gmail.com
user_000300;andes123;andes123;user_000300@gmail.com
user_000301;andes123;andes123;user_000301@gmail.com
user_000302;andes123;andes123;user_000302@gmail.com
user_000303;andes123;andes123;user_000303@gmail.com
user_000304;andes123;andes123;user_000304@gmail.com
user_000305;andes123;andes123;user_000305@gmail.com
user_000306;andes123;andes123;user_000306@gmail.com
user_000307;andes123;andes123;user_000307@gmail.com
user_000308;andes123;andes123;user_000308@gmail.com
user_000309;andes123;andes123;user_000309@gmail.com
user_000310;andes123;andes123;user_000310@gmail.com
user_000311;andes123;andes123;user_000311@gmail.com
user_000312;andes123;andes123;user_000312@gmail.com
user_000313;andes123;andes123;user_000313@gmail.com
user_000314;andes123;andes123;user_000314@gmail.com
user_000315;andes123;andes123;user_000315@gmail.com
user_000316;andes123;andes123;user_000316@gmail.com
user_000317;andes123;andes123;user_000317@gmail.com
user_000318;andes123;andes123;user_000318@gmail.com
user_000319;andes123;andes123;user_000319@gmail.com
user_000320;andes123;andes123;user_000320@gmail.com
user_000321;andes123;andes123;user_000321@gmail.com
user_000322;andes123;andes123;user_000322@gmail.com
user_000323;andes123;andes123;user_000323@gmail.com
user_000324;andes123;andes123;user_000324@gmail.com
user_000325;andes123;andes123;user_000325@gmail.com
user_000326;andes123;andes123;user_000326@gmail.com
user_000327;andes123;andes123;user_000327@gmail.com
user_000328;andes123;andes123;user_000328@gmail.com
user_000329;andes123;andes123;user_000329@gmail.com
user_000330;andes123;andes123;user_000330@gmail.com
user_000331;andes123;andes123;user_000331@gmail.com
user_000332;andes123;andes123;user_000332@gmail.com
user_000333;andes123;andes123;user_000333@gmail.com
user_000334;andes123;andes123;user_000334@gmail.com
user_000335;andes123;andes123;user_000335@gmail.com
user_000336;andes123;andes123;user_000336@gmail.com
user_000337;andes123;andes123;user_000337@gmail.com
user_000338;andes123;andes123;user_000338@gmail.com
user_000339;andes123;andes123;user_000339@gmail.com
user_000340;andes123;andes123;user_000340@gmail.com
user_000341;andes123;andes123;user_000341@gmail.com
user_000342;andes123;andes123;user_000342@gmail.com
user_000343;andes123;andes123;user_000343@gmail.com
user_000344;andes123;andes123;user_000344@gmail.com
user_000345;andes123;andes123;user_000345@gmail.com
user_000346;andes123;andes123;user_000346@gmail.com
user_000347;andes123;andes123;user_000347@gmail.com
user_000348;andes123;andes123;user_000348@gmail.com
user_000349;andes123;andes123;user_000349@gmail.com
user_000350;andes123;andes123;user_000350@gmail.com
user_000351;andes123;andes123;user_000351@gmail.com
user_000352;andes123;andes123;user_000352@gmail.com
user_000353;andes123;andes123;user_000353@gmail.com
user_000354;andes123;andes123;user_000354@gmail.com
user_000355;andes123;andes123;user_000355@gmail.com
user_000356;andes123;andes123;user_000356@gmail.com
user_000357;andes123;andes123;user_000357@gmail.com
user_000358;andes123;andes123;user_000358@gmail.com
user_000359;andes123;andes123;user_000359@gmail.com
user_000360;andes123;andes123;user_000360@gmail.com
user_000361;andes123;andes123;user_000361@gmail.com
user_000362;andes123;andes123;user_000362@gmail.com
user_000363;andes123;andes123;user_000363@gmail.com
user_000364;andes123;andes123;user_000364@gmail.com
user_000366;andes123;andes123;user_000366@gmail.com
user_000367;andes123;andes123;user_000367@gmail.com
user_000368;andes123;andes123;user_000368@gmail.com
user_000369;andes123;andes123;user_000369@gmail.com
user_000370;andes123;andes123;user_000370@gmail.com
user_000371;andes123;andes123;user_000371@gmail.com
user_000372;andes123;andes123;user_000372@gmail.com
user_000373;andes123;andes123;user_000373@gmail.com
user_000374;andes123;andes123;user_000374@gmail.com
user_000375;andes123;andes123;user_000375@gmail.com
user_000376;andes123;andes123;user_000376@gmail.com
user_000377;andes123;andes123;user_000377@gmail.com
user_000378;andes123;andes123;user_000378@gmail.com
user_000379;andes123;andes123;user_000379@gmail.com
user_000380;andes123;andes123;user_000380@gmail.com
user_000381;andes123;andes123;user_000381@gmail.com
user_000382;andes123;andes123;user_000382@gmail.com
user_000383;andes123;andes123;user_000383@gmail.com
user_000384;andes123;andes123;user_000384@gmail.com
user_000385;andes123;andes123;user_000385@gmail.com
user_000386;andes123;andes123;user_000386@gmail.com
user_000387;andes123;andes123;user_000387@gmail.com
user_000388;andes123;andes123;user_000388@gmail.com
user_000389;andes123;andes123;user_000389@gmail.com
user_000390;andes123;andes123;user_000390@gmail.com
user_000391;andes123;andes123;user_000391@gmail.com
user_000392;andes123;andes123;user_000392@gmail.com
user_000393;andes123;andes123;user_000393@gmail.com
user_000394;andes123;andes123;user_000394@gmail.com
user_000395;andes123;andes123;user_000395@gmail.com
user_000396;andes123;andes123;user_000396@gmail.com
user_000397;andes123;andes123;user_000397@gmail.com
user_000398;andes123;andes123;user_000398@gmail.com
user_000399;andes123;andes123;user_000399@gmail.com
user_000400;andes123;andes123;user_000400@gmail.com
user_000401;andes123;andes123;user_000401@gmail.com
user_000402;andes123;andes123;user_000402@gmail.com
user_000403;andes123;andes123;user_000403@gmail.com
user_000404;andes123;andes123;user_000404@gmail.com
user_000405;andes123;andes123;user_000405@gmail.com
user_000406;andes123;andes123;user_000406@gmail.com
user_000407;andes123;andes123;user_000407@gmail.com
user_000408;andes123;andes123;user_000408@gmail.com
user_000409;andes123;andes123;user_000409@gmail.com
user_000410;andes123;andes123;user_000410@gmail.com
user_000411;andes123;andes123;user_000411@gmail.com
user_000412;andes123;andes123;user_000412@gmail.com
user_000413;andes123;andes123;user_000413@gmail.com
user_000414;andes123;andes123;user_000414@gmail.com
user_000415;andes123;andes123;user_000415@gmail.com
user_000416;andes123;andes123;user_000416@gmail.com
user_000417;andes123;andes123;user_000417@gmail.com
user_000418;andes123;andes123;user_000418@gmail.com
user_000419;andes123;andes123;user_000419@gmail.com
user_000420;andes123;andes123;user_000420@gmail.com
user_000421;andes123;andes123;user_000421@gmail.com
user_000422;andes123;andes123;user_000422@gmail.com
user_000423;andes123;andes123;user_000423@gmail.com
user_000424;andes123;andes123;user_000424@gmail.com
user_000425;andes123;andes123;user_000425@gmail.com
user_000426;andes123;andes123;user_000426@gmail.com
user_000427;andes123;andes123;user_000427@gmail.com
user_000429;andes123;andes123;user_000429@gmail.com
user_000430;andes123;andes123;user_000430@gmail.com
user_000431;andes123;andes123;user_000431@gmail.com
user_000432;andes123;andes123;user_000432@gmail.com
user_000433;andes123;andes123;user_000433@gmail.com
user_000434;andes123;andes123;user_000434@gmail.com
user_000435;andes123;andes123;user_000435@gmail.com
user_000436;andes123;andes123;user_000436@gmail.com
user_000437;andes123;andes123;user_000437@gmail.com
user_000438;andes123;andes123;user_000438@gmail.com
user_000439;andes123;andes123;user_000439@gmail.com
user_000440;andes123;andes123;user_000440@gmail.com
user_000441;andes123;andes123;user_000441@gmail.com
user_000442;andes123;andes123;user_000442@gmail.com
user_000443;andes123;andes123;user_000443@gmail.com
user_000444;andes123;andes123;user_000444@gmail.com
user_000445;andes123;andes123;user_000445@gmail.com
user_000446;andes123;andes123;user_000446@gmail.com
user_000447;andes123;andes123;user_000447@gmail.com
user_000448;andes123;andes123;user_000448@gmail.com
user_000449;andes123;andes123;user_000449@gmail.com
user_000450;andes123;andes123;user_000450@gmail.com
user_000451;andes123;andes123;user_000451@gmail.com
user_000452;andes123;andes123;user_000452@gmail.com
user_000453;andes123;andes123;user_000453@gmail.com
user_000454;andes123;andes123;user_000454@gmail.com
user_000455;andes123;andes123;user_000455@gmail.com
user_000456;andes123;andes123;user_000456@gmail.com
user_000457;andes123;andes123;user_000457@gmail.com
user_000458;andes123;andes123;user_000458@gmail.com
user_000459;andes123;andes123;user_000459@gmail.com
user_000460;andes123;andes123;user_000460@gmail.com
user_000461;andes123;andes123;user_000461@gmail.com
user_000462;andes123;andes123;user_000462@gmail.com
user_000463;andes123;andes123;user_000463@gmail.com
user_000464;andes123;andes123;user_000464@gmail.com
user_000465;andes123;andes123;user_000465@gmail.com
user_000467;andes123;andes123;user_000467@gmail.com
user_000468;andes123;andes123;user_000468@gmail.com
user_000469;andes123;andes123;user_000469@gmail.com
user_000471;andes123;andes123;user_000471@gmail.com
user_000472;andes123;andes123;user_000472@gmail.com
user_000473;andes123;andes123;user_000473@gmail.com
user_000474;andes123;andes123;user_000474@gmail.com
user_000475;andes123;andes123;user_000475@gmail.com
user_000476;andes123;andes123;user_000476@gmail.com
user_000477;andes123;andes123;user_000477@gmail.com
user_000478;andes123;andes123;user_000478@gmail.com
user_000479;andes123;andes123;user_000479@gmail.com
user_000480;andes123;andes123;user_000480@gmail.com
user_000481;andes123;andes123;user_000481@gmail.com
user_000482;andes123;andes123;user_000482@gmail.com
user_000483;andes123;andes123;user_000483@gmail.com
user_000484;andes123;andes123;user_000484@gmail.com
user_000485;andes123;andes123;user_000485@gmail.com
user_000486;andes123;andes123;user_000486@gmail.com
user_000487;andes123;andes123;user_000487@gmail.com
user_000488;andes123;andes123;user_000488@gmail.com
user_000489;andes123;andes123;user_000489@gmail.com
user_000490;andes123;andes123;user_000490@gmail.com
user_000491;andes123;andes123;user_000491@gmail.com
user_000492;andes123;andes123;user_000492@gmail.com
user_000493;andes123;andes123;user_000493@gmail.com
user_000494;andes123;andes123;user_000494@gmail.com
user_000495;andes123;andes123;user_000495@gmail.com
user_000496;andes123;andes123;user_000496@gmail.com
user_000497;andes123;andes123;user_000497@gmail.com
user_000498;andes123;andes123;user_000498@gmail.com
user_000499;andes123;andes123;user_000499@gmail.com
user_000500;andes123;andes123;user_000500@gmail.com
user_000501;andes123;andes123;user_000501@gmail.com
user_000502;andes123;andes123;user_000502@gmail.com
user_000503;andes123;andes123;user_000503@gmail.com
user_000504;andes123;andes123;user_000504@gmail.com
user_000505;andes123;andes123;user_000505@gmail.com
user_000506;andes123;andes123;user_000506@gmail.com
user_000507;andes123;andes123;user_000507@gmail.com
user_000508;andes123;andes123;user_000508@gmail.com
user_000509;andes123;andes123;user_000509@gmail.com
user_000510;andes123;andes123;user_000510@gmail.com
user_000511;andes123;andes123;user_000511@gmail.com
user_000512;andes123;andes123;user_000512@gmail.com
user_000513;andes123;andes123;user_000513@gmail.com
user_000514;andes123;andes123;user_000514@gmail.com
user_000515;andes123;andes123;user_000515@gmail.com
user_000516;andes123;andes123;user_000516@gmail.com
user_000517;andes123;andes123;user_000517@gmail.com
user_000518;andes123;andes123;user_000518@gmail.com
user_000519;andes123;andes123;user_000519@gmail.com
user_000520;andes123;andes123;user_000520@gmail.com
user_000521;andes123;andes123;user_000521@gmail.com
user_000522;andes123;andes123;user_000522@gmail.com
user_000523;andes123;andes123;user_000523@gmail.com
user_000524;andes123;andes123;user_000524@gmail.com
user_000525;andes123;andes123;user_000525@gmail.com
user_000526;andes123;andes123;user_000526@gmail.com
user_000527;andes123;andes123;user_000527@gmail.com
user_000528;andes123;andes123;user_000528@gmail.com
user_000529;andes123;andes123;user_000529@gmail.com
user_000530;andes123;andes123;user_000530@gmail.com
user_000531;andes123;andes123;user_000531@gmail.com
user_000532;andes123;andes123;user_000532@gmail.com
user_000533;andes123;andes123;user_000533@gmail.com
user_000534;andes123;andes123;user_000534@gmail.com
user_000535;andes123;andes123;user_000535@gmail.com
user_000536;andes123;andes123;user_000536@gmail.com
user_000537;andes123;andes123;user_000537@gmail.com
user_000538;andes123;andes123;user_000538@gmail.com
user_000539;andes123;andes123;user_000539@gmail.com
user_000540;andes123;andes123;user_000540@gmail.com
user_000541;andes123;andes123;user_000541@gmail.com
user_000542;andes123;andes123;user_000542@gmail.com
user_000543;andes123;andes123;user_000543@gmail.com
user_000544;andes123;andes123;user_000544@gmail.com
user_000545;andes123;andes123;user_000545@gmail.com
user_000546;andes123;andes123;user_000546@gmail.com
user_000547;andes123;andes123;user_000547@gmail.com
user_000548;andes123;andes123;user_000548@gmail.com
user_000549;andes123;andes123;user_000549@gmail.com
user_000550;andes123;andes123;user_000550@gmail.com
user_000551;andes123;andes123;user_000551@gmail.com
user_000552;andes123;andes123;user_000552@gmail.com
user_000553;andes123;andes123;user_000553@gmail.com
user_000554;andes123;andes123;user_000554@gmail.com
user_000555;andes123;andes123;user_000555@gmail.com
user_000556;andes123;andes123;user_000556@gmail.com
user_000557;andes123;andes123;user_000557@gmail.com
user_000558;andes123;andes123;user_000558@gmail.com
user_000559;andes123;andes123;user_000559@gmail.com
user_000560;andes123;andes123;user_000560@gmail.com
user_000561;andes123;andes123;user_000561@gmail.com
user_000562;andes123;andes123;user_000562@gmail.com
user_000563;andes123;andes123;user_000563@gmail.com
user_000564;andes123;andes123;user_000564@gmail.com
user_000565;andes123;andes123;user_000565@gmail.com
user_000566;andes123;andes123;user_000566@gmail.com
user_000567;andes123;andes123;user_000567@gmail.com
user_000568;andes123;andes123;user_000568@gmail.com
user_000569;andes123;andes123;user_000569@gmail.com
user_000570;andes123;andes123;user_000570@gmail.com
user_000571;andes123;andes123;user_000571@gmail.com
user_000572;andes123;andes123;user_000572@gmail.com
user_000573;andes123;andes123;user_000573@gmail.com
user_000574;andes123;andes123;user_000574@gmail.com
user_000575;andes123;andes123;user_000575@gmail.com
user_000576;andes123;andes123;user_000576@gmail.com
user_000577;andes123;andes123;user_000577@gmail.com
user_000578;andes123;andes123;user_000578@gmail.com
user_000579;andes123;andes123;user_000579@gmail.com
user_000580;andes123;andes123;user_000580@gmail.com
user_000581;andes123;andes123;user_000581@gmail.com
user_000582;andes123;andes123;user_000582@gmail.com
user_000583;andes123;andes123;user_000583@gmail.com
user_000584;andes123;andes123;user_000584@gmail.com
user_000585;andes123;andes123;user_000585@gmail.com
user_000586;andes123;andes123;user_000586@gmail.com
user_000587;andes123;andes123;user_000587@gmail.com
user_000588;andes123;andes123;user_000588@gmail.com
user_000589;andes123;andes123;user_000589@gmail.com
user_000590;andes123;andes123;user_000590@gmail.com
user_000591;andes123;andes123;user_000591@gmail.com
user_000592;andes123;andes123;user_000592@gmail.com
user_000593;andes123;andes123;user_000593@gmail.com
user_000594;andes123;andes123;user_000594@gmail.com
user_000595;andes123;andes123;user_000595@gmail.com
user_000596;andes123;andes123;user_000596@gmail.com
user_000597;andes123;andes123;user_000597@gmail.com
user_000598;andes123;andes123;user_000598@gmail.com
user_000599;andes123;andes123;user_000599@gmail.com
user_000600;andes123;andes123;user_000600@gmail.com
user_000601;andes123;andes123;user_000601@gmail.com
user_000602;andes123;andes123;user_000602@gmail.com
user_000603;andes123;andes123;user_000603@gmail.com
user_000604;andes123;andes123;user_000604@gmail.com
user_000605;andes123;andes123;user_000605@gmail.com
user_000606;andes123;andes123;user_000606@gmail.com
user_000607;andes123;andes123;user_000607@gmail.com
user_000608;andes123;andes123;user_000608@gmail.com
user_000609;andes123;andes123;user_000609@gmail.com
user_000610;andes123;andes123;user_000610@gmail.com
user_000611;andes123;andes123;user_000611@gmail.com
user_000612;andes123;andes123;user_000612@gmail.com
user_000613;andes123;andes123;user_000613@gmail.com
user_000614;andes123;andes123;user_000614@gmail.com
user_000615;andes123;andes123;user_000615@gmail.com
user_000616;andes123;andes123;user_000616@gmail.com
user_000617;andes123;andes123;user_000617@gmail.com
user_000618;andes123;andes123;user_000618@gmail.com
user_000619;andes123;andes123;user_000619@gmail.com
user_000620;andes123;andes123;user_000620@gmail.com
user_000621;andes123;andes123;user_000621@gmail.com
user_000622;andes123;andes123;user_000622@gmail.com
user_000623;andes123;andes123;user_000623@gmail.com
user_000624;andes123;andes123;user_000624@gmail.com
user_000625;andes123;andes123;user_000625@gmail.com
user_000626;andes123;andes123;user_000626@gmail.com
user_000627;andes123;andes123;user_000627@gmail.com
user_000628;andes123;andes123;user_000628@gmail.com
user_000629;andes123;andes123;user_000629@gmail.com
user_000630;andes123;andes123;user_000630@gmail.com
user_000631;andes123;andes123;user_000631@gmail.com
user_000632;andes123;andes123;user_000632@gmail.com
user_000633;andes123;andes123;user_000633@gmail.com
user_000634;andes123;andes123;user_000634@gmail.com
user_000635;andes123;andes123;user_000635@gmail.com
user_000636;andes123;andes123;user_000636@gmail.com
user_000637;andes123;andes123;user_000637@gmail.com
user_000638;andes123;andes123;user_000638@gmail.com
user_000639;andes123;andes123;user_000639@gmail.com
user_000640;andes123;andes123;user_000640@gmail.com
user_000641;andes123;andes123;user_000641@gmail.com
user_000642;andes123;andes123;user_000642@gmail.com
user_000643;andes123;andes123;user_000643@gmail.com
user_000644;andes123;andes123;user_000644@gmail.com
user_000645;andes123;andes123;user_000645@gmail.com
user_000646;andes123;andes123;user_000646@gmail.com
user_000647;andes123;andes123;user_000647@gmail.com
user_000648;andes123;andes123;user_000648@gmail.com
user_000649;andes123;andes123;user_000649@gmail.com
user_000650;andes123;andes123;user_000650@gmail.com
user_000651;andes123;andes123;user_000651@gmail.com
user_000652;andes123;andes123;user_000652@gmail.com
user_000653;andes123;andes123;user_000653@gmail.com
user_000654;andes123;andes123;user_000654@gmail.com
user_000655;andes123;andes123;user_000655@gmail.com
user_000656;andes123;andes123;user_000656@gmail.com
user_000657;andes123;andes123;user_000657@gmail.com
user_000658;andes123;andes123;user_000658@gmail.com
user_000659;andes123;andes123;user_000659@gmail.com
user_000660;andes123;andes123;user_000660@gmail.com
user_000661;andes123;andes123;user_000661@gmail.com
user_000662;andes123;andes123;user_000662@gmail.com
user_000664;andes123;andes123;user_000664@gmail.com
user_000665;andes123;andes123;user_000665@gmail.com
user_000666;andes123;andes123;user_000666@gmail.com
user_000667;andes123;andes123;user_000667@gmail.com
user_000668;andes123;andes123;user_000668@gmail.com
user_000669;andes123;andes123;user_000669@gmail.com
user_000670;andes123;andes123;user_000670@gmail.com
user_000671;andes123;andes123;user_000671@gmail.com
user_000672;andes123;andes123;user_000672@gmail.com
user_000673;andes123;andes123;user_000673@gmail.com
user_000674;andes123;andes123;user_000674@gmail.com
user_000675;andes123;andes123;user_000675@gmail.com
user_000676;andes123;andes123;user_000676@gmail.com
user_000677;andes123;andes123;user_000677@gmail.com
user_000678;andes123;andes123;user_000678@gmail.com
user_000679;andes123;andes123;user_000679@gmail.com
user_000680;andes123;andes123;user_000680@gmail.com
user_000681;andes123;andes123;user_000681@gmail.com
user_000682;andes123;andes123;user_000682@gmail.com
user_000683;andes123;andes123;user_000683@gmail.com
user_000684;andes123;andes123;user_000684@gmail.com
user_000685;andes123;andes123;user_000685@gmail.com
user_000686;andes123;andes123;user_000686@gmail.com
user_000687;andes123;andes123;user_000687@gmail.com
user_000688;andes123;andes123;user_000688@gmail.com
user_000689;andes123;andes123;user_000689@gmail.com
user_000690;andes123;andes123;user_000690@gmail.com
user_000691;andes123;andes123;user_000691@gmail.com
user_000692;andes123;andes123;user_000692@gmail.com
user_000693;andes123;andes123;user_000693@gmail.com
user_000694;andes123;andes123;user_000694@gmail.com
user_000695;andes123;andes123;user_000695@gmail.com
user_000696;andes123;andes123;user_000696@gmail.com
user_000697;andes123;andes123;user_000697@gmail.com
user_000698;andes123;andes123;user_000698@gmail.com
user_000699;andes123;andes123;user_000699@gmail.com
user_000700;andes123;andes123;user_000700@gmail.com
user_000701;andes123;andes123;user_000701@gmail.com
user_000702;andes123;andes123;user_000702@gmail.com
user_000703;andes123;andes123;user_000703@gmail.com
user_000704;andes123;andes123;user_000704@gmail.com
user_000705;andes123;andes123;user_000705@gmail.com
user_000706;andes123;andes123;user_000706@gmail.com
user_000707;andes123;andes123;user_000707@gmail.com
user_000708;andes123;andes123;user_000708@gmail.com
user_000709;andes123;andes123;user_000709@gmail.com
user_000710;andes123;andes123;user_000710@gmail.com
user_000711;andes123;andes123;user_000711@gmail.com
user_000712;andes123;andes123;user_000712@gmail.com
user_000713;andes123;andes123;user_000713@gmail.com
user_000714;andes123;andes123;user_000714@gmail.com
user_000715;andes123;andes123;user_000715@gmail.com
user_000716;andes123;andes123;user_000716@gmail.com
user_000717;andes123;andes123;user_000717@gmail.com
user_000718;andes123;andes123;user_000718@gmail.com
user_000719;andes123;andes123;user_000719@gmail.com
user_000720;andes123;andes123;user_000720@gmail.com
user_000721;andes123;andes123;user_000721@gmail.com
user_000722;andes123;andes123;user_000722@gmail.com
user_000723;andes123;andes123;user_000723@gmail.com
user_000724;andes123;andes123;user_000724@gmail.com
user_000725;andes123;andes123;user_000725@gmail.com
user_000726;andes123;andes123;user_000726@gmail.com
user_000727;andes123;andes123;user_000727@gmail.com
user_000728;andes123;andes123;user_000728@gmail.com
user_000729;andes123;andes123;user_000729@gmail.com
user_000730;andes123;andes123;user_000730@gmail.com
user_000731;andes123;andes123;user_000731@gmail.com
user_000732;andes123;andes123;user_000732@gmail.com
user_000733;andes123;andes123;user_000733@gmail.com
user_000734;andes123;andes123;user_000734@gmail.com
user_000735;andes123;andes123;user_000735@gmail.com
user_000736;andes123;andes123;user_000736@gmail.com
user_000737;andes123;andes123;user_000737@gmail.com
user_000738;andes123;andes123;user_000738@gmail.com
user_000739;andes123;andes123;user_000739@gmail.com
user_000740;andes123;andes123;user_000740@gmail.com
user_000741;andes123;andes123;user_000741@gmail.com
user_000742;andes123;andes123;user_000742@gmail.com
user_000743;andes123;andes123;user_000743@gmail.com
user_000744;andes123;andes123;user_000744@gmail.com
user_000745;andes123;andes123;user_000745@gmail.com
user_000746;andes123;andes123;user_000746@gmail.com
user_000747;andes123;andes123;user_000747@gmail.com
user_000748;andes123;andes123;user_000748@gmail.com
user_000749;andes123;andes123;user_000749@gmail.com
user_000750;andes123;andes123;user_000750@gmail.com
user_000751;andes123;andes123;user_000751@gmail.com
user_000752;andes123;andes123;user_000752@gmail.com
user_000753;andes123;andes123;user_000753@gmail.com
user_000754;andes123;andes123;user_000754@gmail.com
user_000755;andes123;andes123;user_000755@gmail.com
user_000756;andes123;andes123;user_000756@gmail.com
user_000757;andes123;andes123;user_000757@gmail.com
user_000758;andes123;andes123;user_000758@gmail.com
user_000759;andes123;andes123;user_000759@gmail.com
user_000760;andes123;andes123;user_000760@gmail.com
user_000761;andes123;andes123;user_000761@gmail.com
user_000762;andes123;andes123;user_000762@gmail.com
user_000763;andes123;andes123;user_000763@gmail.com
user_000764;andes123;andes123;user_000764@gmail.com
user_000765;andes123;andes123;user_000765@gmail.com
user_000766;andes123;andes123;user_000766@gmail.com
user_000767;andes123;andes123;user_000767@gmail.com
user_000768;andes123;andes123;user_000768@gmail.com
user_000769;andes123;andes123;user_000769@gmail.com
user_000770;andes123;andes123;user_000770@gmail.com
user_000771;andes123;andes123;user_000771@gmail.com
user_000772;andes123;andes123;user_000772@gmail.com
user_000773;andes123;andes123;user_000773@gmail.com
user_000774;andes123;andes123;user_000774@gmail.com
user_000775;andes123;andes123;user_000775@gmail.com
user_000776;andes123;andes123;user_000776@gmail.com
user_000777;andes123;andes123;user_000777@gmail.com
user_000778;andes123;andes123;user_000778@gmail.com
user_000779;andes123;andes123;user_000779@gmail.com
user_000780;andes123;andes123;user_000780@gmail.com
user_000781;andes123;andes123;user_000781@gmail.com
user_000782;andes123;andes123;user_000782@gmail.com
user_000783;andes123;andes123;user_000783@gmail.com
user_000784;andes123;andes123;user_000784@gmail.com
user_000785;andes123;andes123;user_000785@gmail.com
user_000786;andes123;andes123;user_000786@gmail.com
user_000787;andes123;andes123;user_000787@gmail.com
user_000788;andes123;andes123;user_000788@gmail.com
user_000789;andes123;andes123;user_000789@gmail.com
user_000790;andes123;andes123;user_000790@gmail.com
user_000791;andes123;andes123;user_000791@gmail.com
user_000792;andes123;andes123;user_000792@gmail.com
user_000793;andes123;andes123;user_000793@gmail.com
user_000794;andes123;andes123;user_000794@gmail.com
user_000795;andes123;andes123;user_000795@gmail.com
user_000796;andes123;andes123;user_000796@gmail.com
user_000797;andes123;andes123;user_000797@gmail.com
user_000798;andes123;andes123;user_000798@gmail.com
user_000799;andes123;andes123;user_000799@gmail.com
user_000800;andes123;andes123;user_000800@gmail.com
user_000801;andes123;andes123;user_000801@gmail.com
user_000802;andes123;andes123;user_000802@gmail.com
user_000803;andes123;andes123;user_000803@gmail.com
user_000804;andes123;andes123;user_000804@gmail.com
user_000805;andes123;andes123;user_000805@gmail.com
user_000806;andes123;andes123;user_000806@gmail.com
user_000807;andes123;andes123;user_000807@gmail.com
user_000808;andes123;andes123;user_000808@gmail.com
user_000809;andes123;andes123;user_000809@gmail.com
user_000810;andes123;andes123;user_000810@gmail.com
user_000811;andes123;andes123;user_000811@gmail.com
user_000812;andes123;andes123;user_000812@gmail.com
user_000813;andes123;andes123;user_000813@gmail.com
user_000814;andes123;andes123;user_000814@gmail.com
user_000815;andes123;andes123;user_000815@gmail.com
user_000816;andes123;andes123;user_000816@gmail.com
user_000817;andes123;andes123;user_000817@gmail.com
user_000818;andes123;andes123;user_000818@gmail.com
user_000819;andes123;andes123;user_000819@gmail.com
user_000820;andes123;andes123;user_000820@gmail.com
user_000821;andes123;andes123;user_000821@gmail.com
user_000822;andes123;andes123;user_000822@gmail.com
user_000823;andes123;andes123;user_000823@gmail.com
user_000824;andes123;andes123;user_000824@gmail.com
user_000825;andes123;andes123;user_000825@gmail.com
user_000826;andes123;andes123;user_000826@gmail.com
user_000827;andes123;andes123;user_000827@gmail.com
user_000828;andes123;andes123;user_000828@gmail.com
user_000829;andes123;andes123;user_000829@gmail.com
user_000830;andes123;andes123;user_000830@gmail.com
user_000831;andes123;andes123;user_000831@gmail.com
user_000832;andes123;andes123;user_000832@gmail.com
user_000833;andes123;andes123;user_000833@gmail.com
user_000834;andes123;andes123;user_000834@gmail.com
user_000835;andes123;andes123;user_000835@gmail.com
user_000836;andes123;andes123;user_000836@gmail.com
user_000837;andes123;andes123;user_000837@gmail.com
user_000838;andes123;andes123;user_000838@gmail.com
user_000839;andes123;andes123;user_000839@gmail.com
user_000840;andes123;andes123;user_000840@gmail.com
user_000841;andes123;andes123;user_000841@gmail.com
user_000842;andes123;andes123;user_000842@gmail.com
user_000843;andes123;andes123;user_000843@gmail.com
user_000844;andes123;andes123;user_000844@gmail.com
user_000845;andes123;andes123;user_000845@gmail.com
user_000846;andes123;andes123;user_000846@gmail.com
user_000847;andes123;andes123;user_000847@gmail.com
user_000848;andes123;andes123;user_000848@gmail.com
user_000849;andes123;andes123;user_000849@gmail.com
user_000850;andes123;andes123;user_000850@gmail.com
user_000851;andes123;andes123;user_000851@gmail.com
user_000852;andes123;andes123;user_000852@gmail.com
user_000853;andes123;andes123;user_000853@gmail.com
user_000854;andes123;andes123;user_000854@gmail.com
user_000855;andes123;andes123;user_000855@gmail.com
user_000856;andes123;andes123;user_000856@gmail.com
user_000857;andes123;andes123;user_000857@gmail.com
user_000858;andes123;andes123;user_000858@gmail.com
user_000859;andes123;andes123;user_000859@gmail.com
user_000860;andes123;andes123;user_000860@gmail.com
user_000861;andes123;andes123;user_000861@gmail.com
user_000862;andes123;andes123;user_000862@gmail.com
user_000863;andes123;andes123;user_000863@gmail.com
user_000864;andes123;andes123;user_000864@gmail.com
user_000865;andes123;andes123;user_000865@gmail.com
user_000866;andes123;andes123;user_000866@gmail.com
user_000867;andes123;andes123;user_000867@gmail.com
user_000868;andes123;andes123;user_000868@gmail.com
user_000869;andes123;andes123;user_000869@gmail.com
user_000870;andes123;andes123;user_000870@gmail.com
user_000871;andes123;andes123;user_000871@gmail.com
user_000872;andes123;andes123;user_000872@gmail.com
user_000873;andes123;andes123;user_000873@gmail.com
user_000874;andes123;andes123;user_000874@gmail.com
user_000875;andes123;andes123;user_000875@gmail.com
user_000876;andes123;andes123;user_000876@gmail.com
user_000877;andes123;andes123;user_000877@gmail.com
user_000878;andes123;andes123;user_000878@gmail.com
user_000879;andes123;andes123;user_000879@gmail.com
user_000880;andes123;andes123;user_000880@gmail.com
user_000881;andes123;andes123;user_000881@gmail.com
user_000882;andes123;andes123;user_000882@gmail.com
user_000883;andes123;andes123;user_000883@gmail.com
user_000884;andes123;andes123;user_000884@gmail.com
user_000885;andes123;andes123;user_000885@gmail.com
user_000886;andes123;andes123;user_000886@gmail.com
user_000887;andes123;andes123;user_000887@gmail.com
user_000888;andes123;andes123;user_000888@gmail.com
user_000889;andes123;andes123;user_000889@gmail.com
user_000890;andes123;andes123;user_000890@gmail.com
user_000891;andes123;andes123;user_000891@gmail.com
user_000892;andes123;andes123;user_000892@gmail.com
user_000893;andes123;andes123;user_000893@gmail.com
user_000894;andes123;andes123;user_000894@gmail.com
user_000895;andes123;andes123;user_000895@gmail.com
user_000896;andes123;andes123;user_000896@gmail.com
user_000897;andes123;andes123;user_000897@gmail.com
user_000898;andes123;andes123;user_000898@gmail.com
user_000899;andes123;andes123;user_000899@gmail.com
user_000900;andes123;andes123;user_000900@gmail.com
user_000901;andes123;andes123;user_000901@gmail.com
user_000902;andes123;andes123;user_000902@gmail.com
user_000903;andes123;andes123;user_000903@gmail.com
user_000904;andes123;andes123;user_000904@gmail.com
user_000905;andes123;andes123;user_000905@gmail.com
user_000906;andes123;andes123;user_000906@gmail.com
user_000907;andes123;andes123;user_000907@gmail.com
user_000908;andes123;andes123;user_000908@gmail.com
user_000909;andes123;andes123;user_000909@gmail.com
user_000910;andes123;andes123;user_000910@gmail.com
user_000911;andes123;andes123;user_000911@gmail.com
user_000912;andes123;andes123;user_000912@gmail.com
user_000913;andes123;andes123;user_000913@gmail.com
user_000914;andes123;andes123;user_000914@gmail.com
user_000915;andes123;andes123;user_000915@gmail.com
user_000916;andes123;andes123;user_000916@gmail.com
user_000917;andes123;andes123;user_000917@gmail.com
user_000918;andes123;andes123;user_000918@gmail.com
user_000919;andes123;andes123;user_000919@gmail.com
user_000920;andes123;andes123;user_000920@gmail.com
user_000921;andes123;andes123;user_000921@gmail.com
user_000922;andes123;andes123;user_000922@gmail.com
user_000923;andes123;andes123;user_000923@gmail.com
user_000924;andes123;andes123;user_000924@gmail.com
user_000925;andes123;andes123;user_000925@gmail.com
user_000926;andes123;andes123;user_000926@gmail.com
user_000927;andes123;andes123;user_000927@gmail.com
user_000928;andes123;andes123;user_000928@gmail.com
user_000929;andes123;andes123;user_000929@gmail.com
user_000930;andes123;andes123;user_000930@gmail.com
user_000931;andes123;andes123;user_000931@gmail.com
user_000932;andes123;andes123;user_000932@gmail.com
user_000933;andes123;andes123;user_000933@gmail.com
user_000934;andes123;andes123;user_000934@gmail.com
user_000935;andes123;andes123;user_000935@gmail.com
user_000936;andes123;andes123;user_000936@gmail.com
user_000937;andes123;andes123;user_000937@gmail.com
user_000938;andes123;andes123;user_000938@gmail.com
user_000939;andes123;andes123;user_000939@gmail.com
user_000940;andes123;andes123;user_000940@gmail.com
user_000941;andes123;andes123;user_000941@gmail.com
user_000942;andes123;andes123;user_000942@gmail.com
user_000943;andes123;andes123;user_000943@gmail.com
user_000944;andes123;andes123;user_000944@gmail.com
user_000945;andes123;andes123;user_000945@gmail.com
user_000946;andes123;andes123;user_000946@gmail.com
user_000947;andes123;andes123;user_000947@gmail.com
user_000948;andes123;andes123;user_000948@gmail.com
user_000949;andes123;andes123;user_000949@gmail.com
user_000950;andes123;andes123;user_000950@gmail.com
user_000951;andes123;andes123;user_000951@gmail.com
user_000952;andes123;andes123;user_000952@gmail.com
user_000953;andes123;andes123;user_000953@gmail.com
user_000954;andes123;andes123;user_000954@gmail.com
user_000955;andes123;andes123;user_000955@gmail.com
user_000956;andes123;andes123;user_000956@gmail.com
user_000957;andes123;andes123;user_000957@gmail.com
user_000958;andes123;andes123;user_000958@gmail.com
user_000959;andes123;andes123;user_000959@gmail.com
user_000960;andes123;andes123;user_000960@gmail.com
user_000961;andes123;andes123;user_000961@gmail.com
user_000962;andes123;andes123;user_000962@gmail.com
user_000963;andes123;andes123;user_000963@gmail.com
user_000964;andes123;andes123;user_000964@gmail.com
user_000965;andes123;andes123;user_000965@gmail.com
user_000966;andes123;andes123;user_000966@gmail.com
user_000967;andes123;andes123;user_000967@gmail.com
user_000968;andes123;andes123;user_000968@gmail.com
user_000969;andes123;andes123;user_000969@gmail.com
user_000970;andes123;andes123;user_000970@gmail.com
user_000971;andes123;andes123;user_000971@gmail.com
user_000972;andes123;andes123;user_000972@gmail.com
user_000973;andes123;andes123;user_000973@gmail.com
user_000974;andes123;andes123;user_000974@gmail.com
user_000975;andes123;andes123;user_000975@gmail.com
user_000976;andes123;andes123;user_000976@gmail.com
user_000977;andes123;andes123;user_000977@gmail.com
user_000978;andes123;andes123;user_000978@gmail.com
user_000979;andes123;andes123;user_000979@gmail.com
user_000980;andes123;andes123;user_000980@gmail.com
user_000981;andes123;andes123;user_000981@gmail.com
user_000982;andes123;andes123;user_000982@gmail.com
user_000983;andes123;andes123;user_000983@gmail.com
user_000984;andes123;andes123;user_000984@gmail.com
user_000985;andes123;andes123;user_000985@gmail.com
user_000986;andes123;andes123;user_000986@gmail.com
user_000987;andes123;andes123;user_000987@gmail.com
user_000989;andes123;andes123;user_000989@gmail.com
user_000990;andes123;andes123;user_000990@gmail.com
user_000991;andes123;andes123;user_000991@gmail.com
user_000992;andes123;andes123;user_000992@gmail.com
user_000993;andes123;andes123;user_000993@gmail.com
user_000994;andes123;andes123;user_000994@gmail.com
user_000995;andes123;andes123;user_000995@gmail.com
user_000996;andes123;andes123;user_000996@gmail.com
user_000997;andes123;andes123;user_000997@gmail.com
user_000998;andes123;andes123;user_000998@gmail.com
user_000999;andes123;andes123;user_000999@gmail.com
user_001000;andes123;andes123;user_001000@gmail.com
